pdf,where,type,value,text
NSG-7100-006,§ 2,distance_m,100,100 Meter
NSG-7100-008,§ 6,date_span,,vom  1.  Januar  bis  30.  Juni
NSG-7100-011,§ 2,distance_m,50,50 m
NSG-7100-013,§ 1,distance_m,1700,1700 m
NSG-7100-015,§ 1,distance_m,500,500 m
NSG-7100-016,§ 1,distance_m,500,500 m
NSG-7100-017,§ 6,distance_m,40,40m
NSG-7100-025,§ 2,distance_m,300,300 m
NSG-7100-025,§ 2,distance_m,500,500 m
NSG-7100-025,§ 2 Abs. 1,distance_m,150,150 m
NSG-7100-025,§ 11,distance_m,150,150 m
NSG-7100-030,§ 2,distance_m,4,4m
NSG-7100-032,§ 2,distance_m,450,450  m
NSG-7100-032,§ 2,distance_m,315,315  m
NSG-7100-032,§ 2,distance_m,325,325 m
NSG-7100-032,§ 2,distance_m,145,145  m
NSG-7100-032,§ 2,distance_m,265,265 m
NSG-7100-032,§ 2,distance_m,235,235 m
NSG-7100-032,§ 2,distance_m,105,105 m
NSG-7100-032,§ 2,distance_m,75,75  m
NSG-7100-032,§ 2,distance_m,2,2  m
NSG-7100-032,§ 2,distance_m,50,50 m
NSG-7100-034,§ 1,distance_m,300,300 m
NSG-7100-041,§ 2,distance_m,20,20 m
NSG-7100-041,§ 2,distance_m,90,90 m
NSG-7100-041,§ 2,distance_m,6,6 m
NSG-7100-042,§ 4,date_span,,vom 1. April bis 31. Oktober
NSG-7100-042,§ 4,distance_m,100,100 m
NSG-7100-042,§ 4,date_span,,vom 1. April bis 31. Oktober
NSG-7100-042,§ 6,date_span,,vom 1. April bis 31. Oktober
NSG-7100-042,§ 6,distance_m,100,100 m
NSG-7100-042,§ 6,date_span,,vom 1. April bis 31. Oktober
NSG-7100-046,§ 2,distance_m,195,195m
NSG-7100-047,§ 2,distance_m,65,65 m
NSG-7100-047,§ 2,distance_m,70,70 m
NSG-7100-047,§ 2,distance_m,170,170 m
NSG-7100-047,§ 2,distance_m,350,350 m
NSG-7100-048,§ 2,distance_m,420,420 m
NSG-7100-048,§ 2,distance_m,50,50 m
NSG-7100-051,§ 2,distance_m,60,60 m
NSG-7100-051,§ 2,distance_m,190,190 m
NSG-7100-051,§ 2,distance_m,150,150 m
NSG-7100-051,§ 2,distance_m,100,100 m
NSG-7100-051,§ 2,distance_m,40,40 m
NSG-7100-051,§ 2,distance_m,15,15 m
NSG-7100-056,§ 2,distance_m,97,97m
NSG-7100-059,§ 2,distance_m,60,60 m
NSG-7100-059,§ 2,distance_m,190,190 m
NSG-7100-059,§ 2,distance_m,150,150 m
NSG-7100-059,§ 2,distance_m,100,100 m
NSG-7100-059,§ 2,distance_m,40,40 m
NSG-7100-059,§ 2,distance_m,15,15 m
NSG-7100-060,§ 2,distance_m,2,2 M
NSG-7100-061,§ 3,distance_m,160,160 m
NSG-7100-063,§ 2,distance_m,700,700 m
NSG-7100-063,§ 2,distance_m,190,190 m
NSG-7100-063,§ 2,distance_m,90,90 m
NSG-7100-063,§ 2,distance_m,250,250 m
NSG-7100-063,§ 2,distance_m,70,70 m
NSG-7100-063,§ 2,distance_m,230,230 m
NSG-7100-063,§ 2,distance_m,420,420 m
NSG-7100-063,§ 2,distance_m,60,60 m
NSG-7100-063,§ 2,distance_m,160,160 m
NSG-7100-063,§ 2,distance_m,80,80 m
NSG-7100-063,§ 2,distance_m,70,70 m
NSG-7100-063,§ 2,distance_m,150,150 m
NSG-7100-063,§ 2,distance_m,290,290 m
NSG-7100-063,§ 2,distance_m,250,250 m
NSG-7100-063,§ 2,distance_m,340,340 m
NSG-7100-063,§ 2,distance_m,120,120 m
NSG-7100-070,§ 4,distance_m,10,10 m
NSG-7100-070,§ 6,distance_m,10,10 m
NSG-7100-076,§ 2,distance_m,60,60 m
NSG-7100-076,§ 2,distance_m,190,190 m
NSG-7100-076,§ 2,distance_m,150,150 m
NSG-7100-076,§ 2,distance_m,100,100 m
NSG-7100-076,§ 2,distance_m,40,40 m
NSG-7100-076,§ 2,distance_m,15,15 m
NSG-7100-077,§ 2,distance_m,60,60 m
NSG-7100-077,§ 2,distance_m,190,190 m
NSG-7100-077,§ 2,distance_m,150,150 m
NSG-7100-077,§ 2,distance_m,100,100 m
NSG-7100-077,§ 2,distance_m,40,40 m
NSG-7100-077,§ 2,distance_m,15,15 m
NSG-7100-078,§ 2,distance_m,60,60 m
NSG-7100-078,§ 2,distance_m,190,190 m
NSG-7100-078,§ 2,distance_m,150,150 m
NSG-7100-078,§ 2,distance_m,100,100 m
NSG-7100-078,§ 2,distance_m,40,40 m
NSG-7100-078,§ 2,distance_m,15,15 m
NSG-7100-079,§ 2,distance_m,4,4 m
NSG-7100-087,§ 2,distance_m,200,200 m
NSG-7100-087,§ 2,distance_m,200,200 m
NSG-7100-087,§ 2,distance_m,28,28 m
NSG-7100-087,§ 2,distance_m,20,20 m
NSG-7100-087,§ 2,distance_m,00,00 m
NSG-7100-087,§ 2,distance_m,80,80 m
NSG-7100-087,§ 2,distance_m,90,90 m
NSG-7100-087,§ 2,distance_m,10,10 m
NSG-7100-087,§ 2,distance_m,80,80 m
NSG-7100-087,§ 2,distance_m,70,70 m
NSG-7100-087,§ 2,distance_m,30,30 m
NSG-7100-087,§ 2,distance_m,10,10  m
NSG-7100-088,§ 4,date_span,,vom 1.4. bis 15.7.
NSG-7100-088,§ 7,date_span,,vom 1.4. bis 15.7.
NSG-7100-092,§ 2,distance_m,550,550 m
NSG-7100-093,§ 4,date_span,,vom 01.04. bis 31.07.
NSG-7100-093,§ 8,date_span,,vom 01.04. bis 31.07.
NSG-7100-099,§ 5,count_limit,2,nicht mehr als 2
NSG-7100-105,§ 4,distance_m,50,50 m
NSG-7100-105,"§ 4 Abs. 1 Nr. 5 Einfriedungen aller Art, ausgenommen maximal 1,50m",distance_m,50,50m
NSG-7100-108,§ 4,date_span,,vom 1.4. bis 31.10.
NSG-7100-108,§ 4,date_span,,vom 1. April bis 31. Oktober
NSG-7100-108,§ 6,date_span,,vom 1.4. bis 31.10.
NSG-7100-108,§ 4,date_span,,vom 1.4. bis 31.10.
NSG-7100-108,§ 4,date_span,,vom 1.4. bis 31.10.
NSG-7100-110,§ 2,distance_m,20,20 m
NSG-7100-111,§ 17 Abs. 2 LJG abgehalten werden.,date_span,,vom 15. September bis 31. Dezember
NSG-7100-114,§ 2,distance_m,30,30 m
NSG-7100-114,§ 2,distance_m,50,50 m
NSG-7100-114,§ 4,date_span,,vom 1. April bis 15. Juli
NSG-7100-114,§ 6,date_span,,vom 1. April bis 15. Juli
NSG-7100-122,§ 2,distance_m,15,15  m
NSG-7100-122,§ 2,distance_m,15,15  m
NSG-7100-122,§ 2,distance_m,15,15 m
NSG-7100-122,§ 2,distance_m,56,56 m
NSG-7100-122,§ 2,distance_m,199,199  m
NSG-7100-122,§ 7,date_span,,vom 01.01. – 31.03.
NSG-7100-126,§ 4,date_span,,vom 1. April bis 31. August
NSG-7100-126,§ 6,date_span,,vom 1. April bis 31. Au
NSG-7100-127,§ 4,distance_m,10,10 m
NSG-7100-127,§ 4,date_span,,vom 1. April bis 31. Oktober
NSG-7100-127,§ 4,date_span,,vom 1. April bis 31. Oktober
NSG-7100-127,§ 4,date_span,,vom 1. April bis 31. Oktober
NSG-7100-127,§ 4,date_span,,vom 1. April bis 31.Oktober
NSG-7100-127,§ 6,date_span,,vom 1. April bis 31. Oktober
NSG-7100-127,§ 6,distance_m,10,10 m
NSG-7100-127,§ 6,date_span,,vom 1. April bis 31. Oktober
NSG-7100-127,§ 6,date_span,,vom 1.April bis 31. Oktober
NSG-7100-127,§ 6,date_span,,vom 1. April bis 31. Oktober
NSG-7100-138,§ 2,distance_m,22,22 m
NSG-7100-138,§ 2,distance_m,22,22 m
NSG-7100-138,§ 2,distance_m,32,32 m
NSG-7100-138,§ 2,distance_m,40,40  m
NSG-7100-138,§ 2,distance_m,19,19 m
NSG-7100-138,§ 2,distance_m,45,45 m
NSG-7100-141,§ 4,distance_m,5,5 m
NSG-7100-141,§ 6,distance_m,5,5 m
NSG-7100-153,§ 2,distance_m,65,65 m
NSG-7100-153,§ 2,distance_m,25,25 m
NSG-7100-153,§ 2,distance_m,25,25 m
NSG-7100-153,§ 2,distance_m,25,25 m
NSG-7100-153,§ 2,distance_m,40,40 m
NSG-7100-153,§ 2,distance_m,519,519 m
NSG-7100-153,§ 2,distance_m,40,40 m
NSG-7100-153,§ 2,distance_m,519,519 m
NSG-7100-153,§ 2,distance_m,161,161 m
NSG-7100-153,§ 6,date_span,,vom 01.01. bis 31.03.
NSG-7100-161,§ 2,distance_m,270,270 m
NSG-7100-161,§ 2,distance_m,129,129 m
NSG-7100-162,§ 5,distance_m,10,10m
NSG-7100-176,§ 4,date_span,,vom 1. April bis 31. Oktober
NSG-7100-176,§ 4,date_span,,vom  1.  April  bis  31.  Oktober
NSG-7100-176,§ 4,date_span,,vom 1. April bis 31. Oktober
NSG-7100-176,§ 4,date_span,,vom 1. April bis 31. Oktober
NSG-7100-176,§ 6,date_span,,vom 1. April bis 31. Oktober
NSG-7100-176,§ 6,date_span,,vom  1.  April bis  31.  Oktober
NSG-7100-176,§ 6,date_span,,vom 1. April bis 31. Oktober
NSG-7100-176,§ 6,date_span,,vom 1. April bis 31. Oktober
NSG-7100-177,§ 2,distance_m,0,0 m
NSG-7100-177,§ 4,date_span,,vom 1.3. bis 31.7.
NSG-7100-177,§ 6,date_span,,vom 1.3. bis 31.7.
NSG-7100-188,§ 5,distance_m,20,20 m
NSG-7100-194,§ 2,distance_m,80,80  m
NSG-7100-195,§ 2,distance_m,50,50 m
NSG-7100-211,§ 2,distance_m,10,10 m
NSG-7100-212,§ 5 Abs. 1 wird durch folgende Ziffer 8 ergänzt: Für das jährliche Absen-ken des,date_span,,vom 15.09. bis 30.10.
NSG-7100-212,§ 5 Abs. 1 wird durch folgende Ziffer 8 ergänzt: Für das jährliche Absen-ken des,distance_m,3,3 m
NSG-7100-213,§ 2,distance_m,73,73 m
NSG-7100-213,§ 2,distance_m,40,40 m
NSG-7100-219,§ 2,distance_m,65,65 m
NSG-7100-219,§ 2,distance_m,132,132 m
NSG-7100-228,§ 2,distance_m,71,71 m
NSG-7100-228,§ 2,distance_m,59,59 m
NSG-7100-228,§ 2,distance_m,75,75 m
NSG-7100-230,§ 4,date_span,,vom 01. März bis 30. September
NSG-7100-230,§ 6,date_span,,vom 01. März bis 30. September
NSG-7100-231,§ 6,distance_m,4,4 m
NSG-7100-246,§ 6,distance_m,4,4 m
NSG-7100-246,§ 6,date_span,,vom 01.06. bis 15.10.
NSG-7100-247,§ 4,date_span,,vom 1.1. bis 30.6.
NSG-7100-247,§ 6,date_span,,vom 1.1. bis 30.6.
NSG-7100-247,§ 4 gilt nicht für die Ausübung der Sportfischerei von der Mündung des,date_span,,vom 1. Mai bis 30. September
NSG-7100-247,§ 4 Abs. 1 Nr. 9 gilt nicht für die Ausübung der Fischerei entlang des Ufers,date_span,,vom 1.5. bis 30.09.
NSG-7100-248,§ 2,distance_m,30,30 m
NSG-7100-248,§ 2,distance_m,10,10 m
NSG-7100-248,§ 2,distance_m,50,50 m
NSG-7100-248,§ 2,distance_m,8,8 m
NSG-7100-248,§ 2,distance_m,19,19 m
NSG-7100-248,§ 2,distance_m,3,3 m
NSG-7100-248,§ 2,distance_m,5,5 m
NSG-7100-248,§ 2,distance_m,5,5 m
NSG-7100-250,§ 2,distance_m,465,465 m
NSG-7100-250,§ 2,distance_m,132,132 m
NSG-7100-250,§ 2,distance_m,80,80 m
NSG-7100-252,§ 6,date_span,,vom 01.06. bis 15.10.
NSG-7100-262,§ 4,distance_m,2,2 m
NSG-7100-262,§ 4,distance_m,8,8 m
NSG-7100-264,§ 4,date_span,,vom 01.03. bis 31.07.
NSG-7100-264,§ 7,date_span,,vom 01.03. bis 31.07.
NSG-7100-270,§ 2,distance_m,5,5 Meter
NSG-7100-270,§ 4,distance_m,5,5 Meter
NSG-7100-270,§ 7,distance_m,5,5 Meter
NSG-7100-271,§ 4,distance_m,5,5 m
NSG-7100-271,§ 7,distance_m,5,5 m
NSG-7100-272,§ 4,date_span,,vom 31.03. bis 31.07.
NSG-7100-273,§ 4,distance_m,5,5 m
NSG-7100-273,§ 7,distance_m,5,5 m
NSG-7100-274,§ 4,distance_m,5,5 m
NSG-7100-274,§ 7,distance_m,5,5 m
NSG-7100-280,§ 3,distance_m,40,40  m
NSG-7100-281,§ 4,date_span,,vom 15.10. bis 31.03.
NSG-7100-282,§ 2,distance_m,5,5 m
NSG-7100-283,§ 2,distance_m,5,5 m
NSG-7100-284,§ 2,distance_m,5,5 m
NSG-7100-285,§ 4,distance_m,5,5 m
NSG-7100-285,§ 7,distance_m,5,5 m
NSG-7100-286,§ 2,distance_m,5,5 m
NSG-7100-286,§ 4,distance_m,10,10 m
NSG-7100-286,§ 4,distance_m,5,5 m
NSG-7100-286,§ 7,distance_m,10,10 m
NSG-7100-286,§ 7,distance_m,5,5  m
NSG-7100-288,§ 4,distance_m,5,5 m
NSG-7100-288,§ 7,distance_m,5,5 m
NSG-7100-289,§ 4,distance_m,5,5 m
NSG-7100-289,§ 7,distance_m,5,5 m
NSG-7100-301,§ 4,distance_m,5,5 m
NSG-7100-301,§ 6,count_limit,2,nicht mehr als 2
NSG-7100-301,§ 7,distance_m,5,5  m
NSG-7100-304,§ 4,distance_m,20,20m
NSG-7100-304,§ 4,distance_m,10,10 m
NSG-7100-304,§ 4,distance_m,10,10 m
NSG-7100-304,§ 5,count_limit,2,nicht mehr als 2
NSG-7100-304,§ 7,distance_m,20,20m
NSG-7100-304,§ 7,distance_m,10,10 m
NSG-7100-304,§ 7,distance_m,10,10 m
NSG-7100-306,§ 2,distance_m,90,90 m
NSG-7100-306,§ 2,distance_m,20,20 m
NSG-7100-306,§ 2,distance_m,70,70  m
NSG-7100-306,§ 2,distance_m,25,25 m
NSG-7100-306,§ 2,distance_m,20,20 m
NSG-7100-306,§ 4,distance_m,20,20 m
NSG-7100-306,§ 4,distance_m,10,10 m
NSG-7100-306,§ 4,distance_m,10,10 m
NSG-7100-306,§ 4,distance_m,10,10 m
NSG-7100-306,§ 4,distance_m,10,10 m
NSG-7100-306,§ 5,count_limit,2,nicht mehr als 2
NSG-7100-306,§ 7,distance_m,20,20 m
NSG-7100-306,§ 7,distance_m,10,10 m
NSG-7100-306,§ 7,distance_m,10,10 m
NSG-7100-306,§ 7,distance_m,10,10 m
NSG-7100-306,§ 7,distance_m,10,10 m
NSG-7100-307,§ 4,distance_m,50,50 m
NSG-7100-307,§ 5,distance_m,10,10m
NSG-7300-014,§ 2,distance_m,20,20 m
NSG-7300-014,§ 2,distance_m,25,25 m
NSG-7300-016,§ 2,distance_m,210,210 m
NSG-7300-016,§ 2,distance_m,50,50 m
NSG-7300-019,§ 2,distance_m,80,80 m
NSG-7300-019,§ 2,distance_m,130,130 m
NSG-7300-019,"§ 4 ist nicht anzuwenden auf Handlungen oder Maßnahmen, die",count_limit,2,nicht mehr als 2
NSG-7300-020,§ 4,date_span,,vom 1. Februar bis 31. Mai
NSG-7300-020,"§ 4 ist nicht anzuwenden auf Maßnahmen oder Handlungen, die",distance_m,5,5 m
NSG-7300-022,§ 2,distance_m,90,90 m
NSG-7300-025,§ 2,distance_m,10,10 m
NSG-7300-025,§ 2,distance_m,600,600 m
NSG-7300-025,§ 2,distance_m,400,400 m
NSG-7300-025,§ 2,distance_m,30,30 m
NSG-7300-025,§ 2,distance_m,10,10 m
NSG-7300-025,§ 2,distance_m,10,10 m
NSG-7300-025,§ 2,distance_m,100,100 m
NSG-7300-025,§ 2,distance_m,000,000 m
NSG-7300-025,"§ 4 ist nicht anzuwenden auf Maßnahmen oder Handlungen, die",distance_m,5,5 m
NSG-7300-027,§ 2,distance_m,350,350 m
NSG-7300-027,§ 2,distance_m,500,500 m
NSG-7300-027,§ 2,distance_m,70,70 m
NSG-7300-027,§ 2,distance_m,250,250 m
NSG-7300-027,§ 2,distance_m,100,100 m
NSG-7300-027,§ 2,distance_m,750,750 m
NSG-7300-027,§ 2,distance_m,600,600 m
NSG-7300-027,§ 2,distance_m,380,380 m
NSG-7300-027,§ 2,distance_m,200,200 m
NSG-7300-027,§ 2,distance_m,150,150 m
NSG-7300-027,§ 2,distance_m,250,250 m
NSG-7300-027,§ 2,distance_m,350,350 m
NSG-7300-029,"§ 4 ist nicht anzuwenden auf Maßnahmen oder Handlungen, die",date_span,,vom 15.07. bis 30.09.
NSG-7300-029,§ 6,date_span,,vom 10.03. – 15.07.
NSG-7300-029,§ 2,distance_m,60,60 m
NSG-7300-029,§ 2,distance_m,190,190 m
NSG-7300-029,§ 2,distance_m,150,150 m
NSG-7300-029,§ 2,distance_m,100,100 m
NSG-7300-029,§ 2,distance_m,40,40 m
NSG-7300-029,§ 2,distance_m,15,15 m
NSG-7300-030,§ 2,distance_m,20,20 m
NSG-7300-030,§ 2,distance_m,40,40 m
NSG-7300-030,§ 2,distance_m,50,50 m
NSG-7300-030,§ 2,distance_m,40,40 m
NSG-7300-030,§ 2,distance_m,30,30 m
NSG-7300-031,§ 2,distance_m,10,10 m
NSG-7300-032,§ 2,distance_m,120,120 m
NSG-7300-032,§ 2,distance_m,100,100 m
NSG-7300-033,§ 2,distance_m,50,50 m
NSG-7300-033,§ 2,distance_m,60,60 m
NSG-7300-033,§ 2,distance_m,140,140 m
NSG-7300-034,§ 2,distance_m,350,350 m
NSG-7300-034,§ 2,distance_m,150,150 m
NSG-7300-034,§ 2,distance_m,300,300 m
NSG-7300-034,§ 2,distance_m,100,100 m
NSG-7300-035,§ 2,distance_m,30,30  m
NSG-7300-036,§ 2,distance_m,30,30 m
NSG-7300-036,§ 4,date_span,,vom 1. März bis 15. November
NSG-7300-036,§ 6,date_span,,vom 1. März bis 15. Novem
NSG-7300-037,§ 2,distance_m,30,30  m
NSG-7300-038,§ 2,distance_m,30,30 m
NSG-7300-038,§ 2,distance_m,120,120 m
NSG-7300-038,§ 2,distance_m,600,600 m
NSG-7300-038,§ 2,distance_m,60,60 m
NSG-7300-038,§ 2,distance_m,30,30 m
NSG-7300-038,§ 2,distance_m,80,80 m
NSG-7300-038,§ 2,distance_m,90,90 m
NSG-7300-038,§ 2,distance_m,600,600 m
NSG-7300-038,§ 2,distance_m,120,120 m
NSG-7300-039,§ 4,date_span,,vom 1. März bis 15. Oktober
NSG-7300-039,§ 4 (1) Nr. 14 b) Flug- und Schiffsmodelle betreibt;,date_span,,vom 1. März bis 15. Oktober
NSG-7300-039,§ 4 (1) Nr. 14 b) Flug- und Schiffsmodelle betreibt;,date_span,,vom 1. März bis 15. Oktober
NSG-7300-040,§ 2,distance_m,30,30 m
NSG-7300-040,§ 2,distance_m,60,60 m
NSG-7300-040,§ 2,distance_m,130,130 m
NSG-7300-040,§ 2,distance_m,50,50 m
NSG-7300-041,§ 2,distance_m,600,600 m
NSG-7300-042,§ 2,distance_m,50,50 m
NSG-7300-042,§ 2,distance_m,70,70 m
NSG-7300-042,§ 2,distance_m,5250,5250 m
NSG-7300-042,§ 2,distance_m,10,10 m
NSG-7300-042,§ 4 wird wie folgt ergänzt:,date_span,,vom 15. März bis 15. Juli
NSG-7300-042,§ 4 wird wie folgt ergänzt:,distance_m,450,450 m
NSG-7300-042,§ 4 wird wie folgt ergänzt:,distance_m,200,200 m
NSG-7300-042,§ 6 wird wie folgt ergänzt:,distance_m,450,450 m
NSG-7300-042,§ 6 wird wie folgt ergänzt:,distance_m,200,200m
NSG-7300-043,§ 2,distance_m,49,49 m
NSG-7300-043,§ 2,distance_m,182,182 m
NSG-7300-044,§ 5,distance_m,50,50 m
NSG-7300-044,§ 5,distance_m,50,50 m
NSG-7300-044,§ 5,distance_m,00,00 m
NSG-7300-044,§ 5,distance_m,50,50 m
NSG-7300-044,§ 5,distance_m,25,25 m
NSG-7300-044,§ 5,distance_m,41,41 m
NSG-7300-045,§ 4,date_span,,vom 1. März bis 31. Juli
NSG-7300-045,§ 4,date_span,,vom 1. März bis 31. Juli
NSG-7300-045,§ 4,distance_m,100,100 m
NSG-7300-045,§ 6,date_span,,vom 01.10. bis 01.03.
NSG-7300-045,§ 7,date_span,,vom 1. März bis 31. Juli
NSG-7300-045,§ 7,distance_m,100,100 m
NSG-7300-046,§ 2,distance_m,850,850 m
NSG-7300-046,§ 2,distance_m,140,140 m
NSG-7300-046,§ 2,distance_m,395,395 m
NSG-7300-046,§ 5,date_span,,vom 15.03. bis 15.08.
NSG-7300-048,§ 2,distance_m,5,5 m
NSG-7300-048,§ 2,distance_m,5,5 m
NSG-7300-048,§ 2,distance_m,10,10 m
NSG-7300-049,§ 2,distance_m,305,305 m
NSG-7300-050,§ 2,distance_m,200,200 m
NSG-7300-050,§ 2,distance_m,250,250 m
NSG-7300-050,§ 4,date_span,,vom 1. März bis 15. Oktober
NSG-7300-050,§ 6,date_span,,vom 1. März bis 15. Ok
NSG-7300-051,§ 5,date_span,,vom 15. März bis 15. August
NSG-7300-053,§ 2,distance_m,20,20 m
NSG-7300-053,§ 5,date_span,,vom 15.03. bis 15.08.
NSG-7300-054,§ 2,distance_m,10,10 m
NSG-7300-054,§ 4,date_span,,vom 1. März bis 15. Oktober
NSG-7300-054,§ 6,date_span,,vom 1. März bis 15. Ok
NSG-7300-056,§ 2,distance_m,145,145  m
NSG-7300-056,§ 2,distance_m,350,350 m
NSG-7300-056,§ 2,distance_m,200,200 m
NSG-7300-056,§ 5,date_span,,vom 01.03. bis 31.08.
NSG-7300-057,§ 5,date_span,,vom 1. November bis 28. Februar
NSG-7300-058,§ 2,distance_m,162,162 m
NSG-7300-058,§ 2,distance_m,138,138 m
NSG-7300-058,§ 2,distance_m,75,75 m
NSG-7300-058,§ 2,distance_m,300,300 m
NSG-7300-058,§ 2,distance_m,97,97 m
NSG-7300-058,§ 2,distance_m,100,100 m
NSG-7300-058,§ 2,distance_m,170,170 m
NSG-7300-058,§ 2,distance_m,225,225 m
NSG-7300-058,§ 2,distance_m,146,146 m
NSG-7300-058,§ 2,distance_m,100,100 m
NSG-7300-058,§ 2,distance_m,60,60 m
NSG-7300-058,§ 2,distance_m,97,97 m
NSG-7300-058,§ 2,distance_m,84,84 m
NSG-7300-059,§ 5,date_span,,vom 15. Oktober bis 28. Februar
NSG-7300-060,§ 2,distance_m,280,280 m
NSG-7300-062,§ 2,distance_m,700,700 m
NSG-7300-063,§ 2,distance_m,1120,1120 m
NSG-7300-063,§ 2,distance_m,370,370 m
NSG-7300-063,§ 2,distance_m,120,120 m
NSG-7300-063,§ 2,distance_m,270,270 m
NSG-7300-063,§ 2,distance_m,320,320 m
NSG-7300-063,§ 2,distance_m,390,390 m
NSG-7300-063,§ 2,distance_m,160,160 m
NSG-7300-063,§ 5,date_span,,vom 1. März bis 15. August
NSG-7300-064,§ 2,distance_m,5,5 m
NSG-7300-064,§ 2,distance_m,30,30 m
NSG-7300-065,§ 2,distance_m,90,90 m
NSG-7300-065,§ 2,distance_m,75,75 m
NSG-7300-065,§ 5,distance_m,25,25 m
NSG-7300-068,§ 2,distance_m,870,870 m
NSG-7300-068,§ 2,distance_m,820,820 m
NSG-7300-068,§ 5,distance_m,4,4 m
NSG-7300-069,§ 2,distance_m,10,10 m
NSG-7300-069,§ 2,distance_m,60,60 m
NSG-7300-069,§ 2,distance_m,65,65 m
NSG-7300-069,§ 2,distance_m,145,145 m
NSG-7300-069,§ 2,distance_m,90,90 m
NSG-7300-069,§ 2,distance_m,25,25 m
NSG-7300-069,§ 2,distance_m,335,335 m
NSG-7300-069,§ 2,distance_m,3,3 m
NSG-7300-069,§ 2,distance_m,10,10 m
NSG-7300-069,§ 2,distance_m,5,5 m
NSG-7300-069,§ 2,distance_m,95,95 m
NSG-7300-069,§ 2,distance_m,8,8 m
NSG-7300-069,§ 2,distance_m,12,12 m
NSG-7300-069,§ 2,distance_m,32,32 m
NSG-7300-069,§ 2,distance_m,195,195 m
NSG-7300-070,§ 2,distance_m,50,50  m
NSG-7300-070,§ 2,distance_m,250,250 m
NSG-7300-070,§ 2,distance_m,5,5 m
NSG-7300-074,§ 2,distance_m,100,100 m
NSG-7300-074,§ 2,distance_m,50,50 m
NSG-7300-074,§ 2,distance_m,100,100 m
NSG-7300-074,§ 2,distance_m,600,600 m
NSG-7300-074,§ 2,distance_m,300,300 m
NSG-7300-074,§ 2,distance_m,50,50 m
NSG-7300-074,§ 2,distance_m,80,80 m
NSG-7300-074,§ 2,distance_m,350,350 m
NSG-7300-074,§ 2,distance_m,300,300 m
NSG-7300-074,§ 2,distance_m,20,20 m
NSG-7300-075,§ 5,date_span,,vom 1. November bis 28. Februar
NSG-7300-076,§ 2,distance_m,160,160 Meter
NSG-7300-076,§ 2,distance_m,10,10 Meter
NSG-7300-076,§ 2,distance_m,50,50 Meter
NSG-7300-077,§ 4,date_span,,vom 15. März bis 30. September
NSG-7300-077,§ 6,date_span,,vom 15. März bis 30. Sep
NSG-7300-078,§ 2,distance_m,300,300 Meter
NSG-7300-078,§ 2,distance_m,650,650 Meter
NSG-7300-078,§ 2,distance_m,18,18 m
NSG-7300-079,§ 2,distance_m,75,75 m
NSG-7300-079,§ 2,distance_m,30,30 m
NSG-7300-079,§ 2,distance_m,35,35 m
NSG-7300-080,§ 2,distance_m,120,120 m
NSG-7300-080,§ 5,distance_m,50,50 Meter
NSG-7300-083,§ 2,distance_m,150,150 Meter
NSG-7300-083,§ 4,distance_m,30,30 Meter
NSG-7300-083,§ 6,distance_m,30,30 Meter
NSG-7300-084,§ 2,distance_m,20,20 m
NSG-7300-084,§ 2,distance_m,15,15 m
NSG-7300-084,§ 2,distance_m,133,133 m
NSG-7300-084,§ 2,distance_m,14,14 m
NSG-7300-084,§ 2,distance_m,78,78 m
NSG-7300-084,§ 2,distance_m,8,8 m
NSG-7300-084,§ 2,distance_m,58,58 m
NSG-7300-084,§ 2,distance_m,83,83 m
NSG-7300-084,§ 2,distance_m,4,4 m
NSG-7300-085,§ 2,distance_m,95,95 Meter
NSG-7300-087,§ 2,distance_m,100,100 m
NSG-7300-087,§ 2,distance_m,240,240 m
NSG-7300-088,§ 2,distance_m,45,45 Meter
NSG-7300-089,§ 2,distance_m,600,600 m
NSG-7300-089,§ 2,distance_m,105,105 m
NSG-7300-089,§ 2,distance_m,60,60 m
NSG-7300-089,§ 5,date_span,,vom 01.10. bis 28.02.
NSG-7300-090,§ 2,distance_m,400,400 m
NSG-7300-091,§ 2,distance_m,120,120 m
NSG-7300-091,§ 2,distance_m,20,20 m
NSG-7300-091,§ 2,distance_m,170,170 m
NSG-7300-091,§ 5,date_span,,vom 01.10. bis 28.02.
NSG-7300-092,§ 2,distance_m,1700,1700 m
NSG-7300-092,§ 2,distance_m,600,600 m
NSG-7300-092,§ 2,distance_m,800,800 m
NSG-7300-092,§ 2,distance_m,280,280 m
NSG-7300-092,§ 2,distance_m,1500,1500 m
NSG-7300-092,§ 2,distance_m,700,700 m
NSG-7300-092,§ 5,date_span,,vom 01.10. bis 28.02.
NSG-7300-093,§ 2,distance_m,220,220 m
NSG-7300-093,§ 2,distance_m,170,170  m
NSG-7300-093,§ 2,distance_m,180,180 m
NSG-7300-094,§ 2,distance_m,230,230 m
NSG-7300-094,§ 2,distance_m,10,10 m
NSG-7300-094,§ 2,distance_m,700,700 m
NSG-7300-094,§ 2,distance_m,200,200 m
NSG-7300-094,§ 2,distance_m,8,8 m
NSG-7300-094,§ 2,distance_m,350,350 m
NSG-7300-094,§ 2,distance_m,10,10 m
NSG-7300-094,§ 2,distance_m,50,50 m
NSG-7300-094,§ 2,distance_m,750,750 m
NSG-7300-094,§ 5,date_span,,vom 15.03.bis 01.08.
NSG-7300-095,§ 2,distance_m,200,200 m
NSG-7300-095,§ 2,distance_m,10,10 m
NSG-7300-095,§ 3,distance_m,1,1 m
NSG-7300-096,§ 2,distance_m,450,450 m
NSG-7300-096,§ 2,distance_m,42,42 m
NSG-7300-096,§ 2,distance_m,270,270 m
NSG-7300-096,§ 5,date_span,,vom 01.10. bis 28.02.
NSG-7300-097,§ 2,distance_m,240,240 Meter
NSG-7300-097,§ 2,distance_m,28,28 Meter
NSG-7300-097,§ 2,distance_m,7,7 m
NSG-7300-098,§ 5,date_span,,vom 15.03. bis 01.07.
NSG-7300-099,§ 2,distance_m,75,75 m
NSG-7300-099,§ 5,date_span,,vom 15. März bis 15. August
NSG-7300-100,§ 2,distance_m,60,60 m
NSG-7300-100,§ 2,distance_m,300,300  m
NSG-7300-100,§ 2,distance_m,400,400 m
NSG-7300-100,§ 2,distance_m,460,460 m
NSG-7300-100,§ 2,distance_m,320,320 m
NSG-7300-100,§ 2,distance_m,000,000 m
NSG-7300-100,§ 2,distance_m,260,260 m
NSG-7300-100,§ 2,distance_m,780,780 m
NSG-7300-100,§ 2,distance_m,50,50 m
NSG-7300-100,§ 2,distance_m,30,30 m
NSG-7300-101,§ 2,distance_m,350,350 m
NSG-7300-101,§ 2,distance_m,330,330 m
NSG-7300-101,§ 2,distance_m,250,250 m
NSG-7300-102,§ 2,distance_m,80,80 Meter
NSG-7300-102,§ 2,distance_m,65,65 Meter
NSG-7300-102,§ 2,distance_m,45,45 Meter
NSG-7300-102,§ 2,distance_m,65,65 Meter
NSG-7300-102,§ 2,distance_m,25,25 Meter
NSG-7300-102,§ 5,date_span,,vom 15. August bis 28. Februar
NSG-7300-103,§ 2,distance_m,960,960 m
NSG-7300-103,§ 2,distance_m,700,700 m
NSG-7300-103,§ 2,distance_m,200,200  m
NSG-7300-103,§ 2,distance_m,800,800 m
NSG-7300-103,§ 2,distance_m,180,180 m
NSG-7300-103,§ 2,distance_m,800,800 m
NSG-7300-103,§ 2,distance_m,260,260  m
NSG-7300-103,§ 2,distance_m,80,80 m
NSG-7300-103,§ 2,distance_m,160,160 m
NSG-7300-103,§ 2,distance_m,180,180 m
NSG-7300-103,§ 2,distance_m,120,120 m
NSG-7300-103,§ 2,distance_m,200,200 m
NSG-7300-103,§ 2,distance_m,220,220 m
NSG-7300-103,§ 2,distance_m,100,100 m
NSG-7300-103,§ 2,distance_m,300,300 m
NSG-7300-103,§ 2,distance_m,400,400 m
NSG-7300-103,§ 2,distance_m,60,60 m
NSG-7300-103,§ 2,distance_m,000,000  m
NSG-7300-103,§ 2,distance_m,260,260 m
NSG-7300-103,§ 2,distance_m,180,180 m
NSG-7300-103,§ 2,distance_m,300,300 m
NSG-7300-103,§ 2,distance_m,240,240 m
NSG-7300-103,§ 2,distance_m,200,200 m
NSG-7300-103,§ 2,distance_m,220,220 m
NSG-7300-103,§ 2,distance_m,820,820 m
NSG-7300-103,§ 2,distance_m,400,400 m
NSG-7300-103,§ 2,distance_m,440,440 m
NSG-7300-103,§ 2,distance_m,540,540 m
NSG-7300-103,§ 2,distance_m,720,720 m
NSG-7300-103,§ 2,distance_m,100,100 m
NSG-7300-103,§ 2,distance_m,360,360 m
NSG-7300-103,§ 2,distance_m,550,550 m
NSG-7300-103,§ 2,distance_m,150,150 m
NSG-7300-103,§ 2,distance_m,700,700 m
NSG-7300-103,§ 2,distance_m,100,100 m
NSG-7300-103,§ 2,distance_m,400,400 m
NSG-7300-103,§ 2,distance_m,550,550 m
NSG-7300-103,§ 2,distance_m,880,880 m
NSG-7300-103,§ 2,distance_m,500,500  m
NSG-7300-103,§ 2,distance_m,700,700 m
NSG-7300-103,§ 2,distance_m,880,880 m
NSG-7300-103,§ 2,distance_m,360,360 m
NSG-7300-103,§ 2,distance_m,900,900 m
NSG-7300-103,§ 2,distance_m,400,400 m
NSG-7300-103,§ 2,distance_m,440,440 m
NSG-7300-103,§ 2,distance_m,300,300 m
NSG-7300-103,§ 2,distance_m,920,920 m
NSG-7300-103,§ 2,distance_m,660,660  m
NSG-7300-103,§ 2,distance_m,300,300 m
NSG-7300-103,§ 2,distance_m,100,100 m
NSG-7300-103,§ 2,distance_m,100,100 m
NSG-7300-103,§ 2,distance_m,000,000 m
NSG-7300-103,§ 2,distance_m,250,250 m
NSG-7300-103,§ 2,distance_m,100,100 m
NSG-7300-103,§ 4,date_span,,vom 15.03. bis 15.09.
NSG-7300-104,§ 2,distance_m,10,10 Meter
NSG-7300-104,§ 4,date_span,,vom 15. März bis 31. Juli
NSG-7300-104,§ 4,distance_m,50,50 m
NSG-7300-104,§ 4,distance_m,50,50 m
NSG-7300-104,§ 4,distance_m,50,50 m
NSG-7300-104,§ 5,date_span,,vom 15. August bis 15. März
NSG-7300-104,§ 6,date_span,,vom 15. März bis 31. Juli
NSG-7300-104,§ 6,distance_m,50,50 m
NSG-7300-104,§ 6,distance_m,50,50 m
NSG-7300-104,§ 6,distance_m,50,50 m
NSG-7300-105,§ 4,date_span,,vom 1. März bis 31. Juli
NSG-7300-105,"§ 4 Nrn. 11, 12 und 13;",distance_m,5,5 m
NSG-7300-105,"§ 4 Nrn. 11, 12 und 13;",distance_m,5,5 m
NSG-7300-105,§ 6,date_span,,vom 1. März bis 31. Juli
NSG-7300-107,§ 2,distance_m,40,40 m
NSG-7300-108,§ 2,distance_m,225,225 m
NSG-7300-109,§ 2,distance_m,430,430 m
NSG-7300-109,§ 2,distance_m,600,600 m
NSG-7300-109,§ 2,distance_m,200,200 m
NSG-7300-109,§ 2,distance_m,780,780 m
NSG-7300-110,§ 2,distance_m,11,11 m
NSG-7300-110,§ 2,distance_m,17,17 m
NSG-7300-110,§ 2,distance_m,26,26 m
NSG-7300-110,§ 2,distance_m,39,39 m
NSG-7300-110,§ 2,distance_m,8,8 m
NSG-7300-110,§ 2,distance_m,20,20 m
NSG-7300-110,§ 2,distance_m,338,338 m
NSG-7300-110,§ 2,distance_m,150,150 m
NSG-7300-110,§ 2,distance_m,85,85 m
NSG-7300-111,§ 2,distance_m,260,260 m
NSG-7300-111,§ 2,distance_m,19,19 m
NSG-7300-111,§ 2,distance_m,30,30 m
NSG-7300-111,§ 2,distance_m,20,20 m
NSG-7300-111,§ 2,distance_m,35,35 m
NSG-7300-111,§ 2,distance_m,20,20 m
NSG-7300-112,§ 2,distance_m,70,70 m
NSG-7300-112,§ 2,distance_m,40,40 m
NSG-7300-112,§ 2,distance_m,23,23 m
NSG-7300-112,§ 2,distance_m,15,15 m
NSG-7300-112,§ 2,distance_m,40,40 m
NSG-7300-113,§ 2,distance_m,30,30 m
NSG-7300-113,§ 2,distance_m,12,12 m
NSG-7300-114,§ 2,distance_m,15,15 m
NSG-7300-114,§ 2,distance_m,25,25 m
NSG-7300-115,§ 2,distance_m,250,250 m
NSG-7300-115,§ 2,distance_m,40,40 m
NSG-7300-115,§ 2,distance_m,175,175 m
NSG-7300-115,§ 2,distance_m,90,90 m
NSG-7300-115,§ 2,distance_m,70,70 m
NSG-7300-116,§ 2,distance_m,120,120 m
NSG-7300-116,§ 2,distance_m,60,60 m
NSG-7300-116,§ 2,distance_m,280,280 m
NSG-7300-116,§ 2,distance_m,75,75 m
NSG-7300-116,§ 2,distance_m,360,360 m
NSG-7300-116,§ 2,distance_m,190,190 m
NSG-7300-116,§ 2,distance_m,340,340 m
NSG-7300-116,§ 2,distance_m,310,310 m
NSG-7300-116,§ 2,distance_m,220,220 m
NSG-7300-116,§ 2,distance_m,10,10 m
NSG-7300-116,§ 2,distance_m,140,140 m
NSG-7300-116,§ 2,distance_m,50,50 m
NSG-7300-116,§ 2,distance_m,65,65 m
NSG-7300-116,§ 2,distance_m,100,100 m
NSG-7300-117,§ 2,distance_m,600,600 m
NSG-7300-117,§ 2,distance_m,150,150 m
NSG-7300-117,§ 2,distance_m,5,5 m
NSG-7300-117,§ 2,distance_m,450,450 m
NSG-7300-117,§ 2,distance_m,90,90 m
NSG-7300-117,§ 2,distance_m,120,120 m
NSG-7300-117,§ 2,distance_m,90,90 m
NSG-7300-118,§ 2,distance_m,130,130 m
NSG-7300-118,§ 2,distance_m,90,90 m
NSG-7300-118,§ 2,distance_m,570,570 m
NSG-7300-118,§ 2,distance_m,170,170 m
NSG-7300-118,§ 2,distance_m,870,870 m
NSG-7300-119,§ 2,distance_m,40,40 m
NSG-7300-119,§ 2,distance_m,150,150 m
NSG-7300-119,§ 2,distance_m,20,20 m
NSG-7300-119,§ 2,distance_m,50,50 m
NSG-7300-119,§ 2,distance_m,600,600 m
NSG-7300-119,§ 2,distance_m,20,20 m
NSG-7300-119,§ 2,distance_m,50,50 m
NSG-7300-119,§ 2,distance_m,25,25 m
NSG-7300-119,§ 2,distance_m,100,100 m
NSG-7300-119,§ 2,distance_m,480,480 m
NSG-7300-120,§ 2,distance_m,90,90 m
NSG-7300-120,§ 2,distance_m,70,70 m
NSG-7300-120,§ 2,distance_m,40,40 m
NSG-7300-120,§ 2,distance_m,110,110 m
NSG-7300-120,§ 2,distance_m,30,30 m
NSG-7300-120,§ 2,distance_m,140,140 m
NSG-7300-120,§ 2,distance_m,80,80 m
NSG-7300-120,§ 2,distance_m,100,100 m
NSG-7300-120,§ 2,distance_m,20,20 m
NSG-7300-120,§ 2,distance_m,80,80 m
NSG-7300-120,§ 2,distance_m,90,90 m
NSG-7300-122,§ 2,distance_m,70,70 m
NSG-7300-122,§ 2,distance_m,160,160 m
NSG-7300-124,§ 2,distance_m,40,40m
NSG-7300-127,§ 2,distance_m,190,190 m
NSG-7300-127,§ 2,distance_m,30,30 m
NSG-7300-127,§ 2,distance_m,60,60 m
NSG-7300-127,§ 2,distance_m,15,15 m
NSG-7300-128,§ 2,distance_m,25,25 m
NSG-7300-130,§ 2,distance_m,20,20 m
NSG-7300-130,§ 2,distance_m,20,20 m
NSG-7300-130,§ 2,distance_m,20,20 m
NSG-7300-130,§ 2,distance_m,20,20 m
NSG-7300-133,§ 2,distance_m,60,60 m
NSG-7300-134,§ 2,distance_m,15,15 m
NSG-7300-139,§ 2,distance_m,7,7 m
NSG-7300-140,§ 2,distance_m,850,850 m
NSG-7300-140,§ 5,count_limit,2,nicht mehr als 2
NSG-7300-141,§ 2,distance_m,1140,1140 m
NSG-7300-141,§ 2,distance_m,155,155 m
NSG-7300-141,§ 2,distance_m,50,50 m
NSG-7300-141,§ 2,distance_m,265,265 m
NSG-7300-141,§ 2,distance_m,100,100 m
NSG-7300-141,§ 2,distance_m,1150,1150 m
NSG-7300-147,§ 2,distance_m,360,360 m
NSG-7300-147,§ 2,distance_m,170,170 m
NSG-7300-147,§ 2,distance_m,370,370 m
NSG-7300-148,§ 2,distance_m,800,800 m
NSG-7300-148,§ 2,distance_m,500,500 m
NSG-7300-149,§ 2,distance_m,370,370 m
NSG-7300-149,§ 2,distance_m,200,200 m
NSG-7300-150,§ 2,distance_m,260,260 m
NSG-7300-150,§ 2,distance_m,140,140 m
NSG-7300-150,§ 2,distance_m,35,35 m
NSG-7300-151,§ 2,distance_m,350,350 m
NSG-7300-151,§ 2,distance_m,100,100 m
NSG-7300-151,§ 2,distance_m,240,240 m
NSG-7300-151,§ 2,distance_m,40,40 m
NSG-7300-151,§ 2,distance_m,40,40 m
NSG-7300-151,§ 2,distance_m,840,840 m
NSG-7300-151,§ 2,distance_m,160,160 m
NSG-7300-151,§ 2,distance_m,210,210 m
NSG-7300-151,§ 2,distance_m,100,100 m
NSG-7300-151,§ 2,distance_m,100,100 m
NSG-7300-151,§ 2,distance_m,40,40 m
NSG-7300-151,§ 2,distance_m,50,50 m
NSG-7300-151,§ 2,distance_m,90,90 m
NSG-7300-151,§ 2,distance_m,210,210 m
NSG-7300-152,§ 2,distance_m,50,50 m
NSG-7300-152,§ 2,distance_m,600,600 m
NSG-7300-152,§ 2,distance_m,200,200 m
NSG-7300-152,§ 2,distance_m,260,260 m
NSG-7300-152,§ 2,distance_m,190,190 m
NSG-7300-152,§ 2,distance_m,50,50 m
NSG-7300-152,§ 2,distance_m,660,660 m
NSG-7300-153,§ 2,distance_m,600,600 m
NSG-7300-153,§ 2,distance_m,110,110 m
NSG-7300-153,§ 2,distance_m,170,170 m
NSG-7300-153,§ 2,distance_m,60,60 m
NSG-7300-153,§ 2,distance_m,250,250 m
NSG-7300-153,§ 2,distance_m,220,220 m
NSG-7300-154,§ 2,distance_m,50,50 m
NSG-7300-155,§ 2,distance_m,640,640 m
NSG-7300-155,§ 2,distance_m,210,210 m
NSG-7300-155,§ 2,distance_m,380,380 m
NSG-7300-155,§ 2,distance_m,130,130 m
NSG-7300-155,§ 2,distance_m,1210,1210 m
NSG-7300-155,§ 2,distance_m,100,100 m
NSG-7300-156,§ 2,distance_m,25,25 m
NSG-7300-156,§ 2,distance_m,60,60 m
NSG-7300-156,§ 2,distance_m,40,40 m
NSG-7300-156,§ 2,distance_m,45,45 m
NSG-7300-156,§ 2,distance_m,40,40 m
NSG-7300-156,§ 2,distance_m,170,170 m
NSG-7300-157,§ 2,distance_m,40,40 m
NSG-7300-157,§ 2,distance_m,460,460 m
NSG-7300-157,§ 2,distance_m,380,380 m
NSG-7300-157,§ 2,distance_m,630,630 m
NSG-7300-157,§ 2,distance_m,240,240 m
NSG-7300-157,§ 2,distance_m,820,820 m
NSG-7300-157,§ 2,distance_m,30,30 m
NSG-7300-157,§ 2,distance_m,140,140 m
NSG-7300-157,§ 2,distance_m,30,30 m
NSG-7300-157,§ 2,distance_m,20,20 m
NSG-7300-157,§ 2,distance_m,40,40 m
NSG-7300-158,§ 2,distance_m,33,33 m
NSG-7300-158,§ 2,distance_m,12,12 m
NSG-7300-158,§ 2,distance_m,24,24 m
NSG-7300-158,§ 2,distance_m,51,51 m
NSG-7300-158,§ 2,distance_m,65,65 m
NSG-7300-158,§ 2,distance_m,20,20 m
NSG-7300-159,§ 2,distance_m,50,50 m
NSG-7300-159,§ 5,count_limit,2,nicht mehr als 2
NSG-7300-159,§ 5,date_span,,vom 1. Oktober bis 28. Februar
NSG-7300-160,§ 2,distance_m,660,660 m
NSG-7300-160,§ 2,distance_m,640,640 m
NSG-7300-160,§ 2,distance_m,40,40 m
NSG-7300-160,§ 2,distance_m,350,350 m
NSG-7300-160,§ 5,date_span,,vom 15. Oktober bis 28. Februar
NSG-7300-161,§ 2,distance_m,100,100 m
NSG-7300-161,§ 2,distance_m,700,700 m
NSG-7300-161,§ 2,distance_m,90,90 m
NSG-7300-161,§ 2,distance_m,50,50 m
NSG-7300-161,§ 2,distance_m,70,70 m
NSG-7300-161,§ 2,distance_m,360,360 m
NSG-7300-161,§ 2,distance_m,200,200 m
NSG-7300-161,§ 2,distance_m,40,40 m
NSG-7300-161,§ 2,distance_m,40,40 m
NSG-7300-161,§ 2,distance_m,30,30 m
NSG-7300-161,§ 2,distance_m,50,50 m
NSG-7300-162,§ 2,distance_m,400,400 m
NSG-7300-162,§ 2,distance_m,200,200 m
NSG-7300-162,§ 2,distance_m,300,300 m
NSG-7300-162,§ 2,distance_m,200,200 m
NSG-7300-162,§ 2,distance_m,350,350 m
NSG-7300-162,§ 2,distance_m,180,180 m
NSG-7300-162,§ 5,count_limit,2,nicht mehr als 2
NSG-7300-162,§ 5,date_span,,vom 1. Oktober bis 15. März
NSG-7300-163,§ 2,distance_m,120,120 m
NSG-7300-163,§ 2,distance_m,740,740  m
NSG-7300-163,§ 2,distance_m,55,55 m
NSG-7300-163,§ 2,distance_m,670,670 m
NSG-7300-163,§ 5,date_span,,vom 15. Juli bis 15. Oktober
NSG-7300-164,§ 2,distance_m,200,200 m
NSG-7300-164,§ 2,distance_m,60,60 m
NSG-7300-164,§ 2,distance_m,20,20 m
NSG-7300-164,§ 5,count_limit,1,max. 1
NSG-7300-164,§ 5,count_limit,2,nicht mehr als 2
NSG-7300-164,§ 5,date_span,,vom 1. Oktober bis 15. März
NSG-7300-165,§ 2,distance_m,580,580 m
NSG-7300-165,§ 2,distance_m,460,460 m
NSG-7300-165,§ 2,distance_m,130,130 m
NSG-7300-166,§ 2,distance_m,33,33 m
NSG-7300-166,§ 2,distance_m,27,27 m
NSG-7300-166,§ 2,distance_m,10,10 m
NSG-7300-166,§ 2,distance_m,20,20 m
NSG-7300-166,§ 2,distance_m,5,5 m
NSG-7300-166,§ 2,distance_m,25,25 m
NSG-7300-167,§ 2,distance_m,140,140 m
NSG-7300-167,§ 2,distance_m,70,70 m
NSG-7300-167,§ 2,distance_m,30,30 m
NSG-7300-167,§ 2,distance_m,140,140 m
NSG-7300-167,§ 2,distance_m,70,70 m
NSG-7300-168,§ 2,distance_m,270,270 m
NSG-7300-168,§ 2,distance_m,860,860 m
NSG-7300-168,§ 2,distance_m,620,620 m
NSG-7300-168,§ 2,distance_m,90,90 m
NSG-7300-168,§ 2,distance_m,400,400 m
NSG-7300-174,§ 2,distance_m,100,100 m
NSG-7300-174,§ 2,distance_m,100,100 m
NSG-7300-174,§ 2,distance_m,200,200 m
NSG-7300-174,§ 2,distance_m,50,50 m
NSG-7300-174,§ 2,distance_m,400,400 m
NSG-7300-174,§ 2,distance_m,150,150 m
NSG-7300-174,§ 2,distance_m,35,35 m
NSG-7300-174,§ 2,distance_m,50,50 m
NSG-7300-174,§ 2,distance_m,25,25 m
NSG-7300-174,§ 2,distance_m,100,100 m
NSG-7300-175,§ 2,distance_m,22,22 m
NSG-7300-177,§ 4,date_span,,vom 01.09. bis 31.05.
NSG-7300-177,§ 6,date_span,,vom 01.09. bis 31.05.
NSG-7300-178,§ 2,distance_m,35,35 m
NSG-7300-178,§ 2,distance_m,60,60 m
NSG-7300-178,§ 2,distance_m,10,10 m
NSG-7300-178,§ 2,distance_m,75,75 m
NSG-7300-178,§ 2,distance_m,20,20 m
NSG-7300-178,§ 2,distance_m,60,60 m
NSG-7300-178,§ 2,distance_m,95,95 m
NSG-7300-178,§ 2,distance_m,570,570 m
NSG-7300-178,§ 2,distance_m,190,190 m
NSG-7300-178,§ 2,distance_m,770,770 m
NSG-7300-178,§ 2,distance_m,90,90  m
NSG-7300-180,§ 2,distance_m,90,90 m
NSG-7300-180,§ 5,date_span,,vom 1. Oktober bis 15. März
NSG-7300-181,§ 2,distance_m,57,57 m
NSG-7300-181,§ 4,date_span,,vom 15.03. bis 31.08.
NSG-7300-181,§ 5,count_limit,2,nicht mehr als 2
NSG-7300-181,§ 6,date_span,,vom 15.03. bis 31.08.
NSG-7300-182,§ 2,distance_m,10,10 m
NSG-7300-182,§ 4,date_span,,vom 1. März bis 31. Juli
NSG-7300-182,§ 4,date_span,,vom 16. Oktober bis 30. April
NSG-7300-182,§ 5,count_limit,2,nicht mehr als 2
NSG-7300-182,"§ 4 Nr. 9 Gewässer einschließlich ihrer Ufer anlegt, verändert",date_span,,vom 1. März bis 31. Juli
NSG-7300-183,§ 5,count_limit,2,nicht mehr als 2
NSG-7300-184,§ 2,distance_m,90,90 m
NSG-7300-185,"§ 4 ist nicht anzuwenden auf Handlungen oder Maßnahmen, die",count_limit,2,nicht mehr als 2
NSG-7300-186,§ 2,distance_m,150,150 m
NSG-7300-186,§ 5,date_span,,vom 1. März bis 30. Juni
NSG-7300-186,§ 5,date_span,,vom 1. Oktober bis 28. Februar
NSG-7300-187,§ 2,distance_m,230,230 m
NSG-7300-187,§ 2,distance_m,320,320 m
NSG-7300-187,§ 2,distance_m,2,2 m
NSG-7300-187,§ 2,distance_m,20,20 m
NSG-7300-187,§ 2,distance_m,115,115 m
NSG-7300-187,§ 2,distance_m,70,70 m
NSG-7300-187,§ 2,distance_m,65,65 m
NSG-7300-187,§ 2,distance_m,220,220 m
NSG-7300-187,§ 2,distance_m,5,5 m
NSG-7300-187,§ 2,distance_m,10,10 m
NSG-7300-187,§ 2,distance_m,290,290 m
NSG-7300-187,§ 2,distance_m,5,5 m
NSG-7300-187,§ 2,distance_m,6,6 m
NSG-7300-187,§ 2,distance_m,500,500 m
NSG-7300-187,§ 2,distance_m,75,75 m
NSG-7300-187,§ 5,count_limit,2,nicht mehr als 2
NSG-7300-187,§ 4 ist ferner nicht anzuwenden auf,distance_m,2,2 m
NSG-7300-189,§ 2,distance_m,70,70 m
NSG-7300-189,§ 2,distance_m,30,30 m
NSG-7300-189,§ 4,date_span,,vom 1. September bis 15. Oktober
NSG-7300-189,"§ 4 ist nicht anzuwenden auf Handlungen oder Maßnahmen, die",count_limit,2,nicht mehr als 2
NSG-7300-189,"§ 4 ist nicht anzuwenden auf Handlungen oder Maßnahmen, die",date_span,,vom 15. Oktober bis 31. März
NSG-7300-189,"§ 4 ist nicht anzuwenden auf Handlungen oder Maßnahmen, die",distance_m,50,50 m
NSG-7300-189,§ 4 Nr. 26 Wildfutterplätze oder Wildäcker anlegt oder unterhält,date_span,,vom 1. September bis 15. Oktober
NSG-7300-190,§ 4,date_span,,vom 1. September bis 15. Oktober
NSG-7300-190,"§ 4 ist nicht anzuwenden auf Handlungen oder Maßnahmen, die er-",date_span,,vom 15. März bis 15. Juli
NSG-7300-190,"§ 4 ist nicht anzuwenden auf Handlungen oder Maßnahmen, die er-",count_limit,2,nicht mehr als 2
NSG-7300-190,§ 4 ist ferner nicht anzuwenden auf,date_span,,vom 01.10. bis 28.02.
NSG-7300-190,§ 4 ist ferner nicht anzuwenden auf,date_span,,vom 15. März bis 15. Juli
NSG-7300-190,§ 4 ist ferner nicht anzuwenden auf,distance_m,100,100 m
NSG-7300-190,§ 4 Nr. 18 die Jagd auf Wasserwild im Bereich der Wasserflächen,date_span,,vom 1. September bis 15. Oktober
NSG-7300-192,"§ 4 ist nicht anzuwenden auf Handlungen oder Maßnahmen, die er-",count_limit,2,nicht mehr als 2
NSG-7300-192,"§ 4 ist nicht anzuwenden auf Handlungen oder Maßnahmen, die er-",distance_m,80,80 m
NSG-7300-192,"§ 4 ist nicht anzuwenden auf Handlungen oder Maßnahmen, die er-",count_limit,80,max. 80
NSG-7300-192,"§ 4 ist nicht anzuwenden auf Handlungen oder Maßnahmen, die er-",date_span,,von 1. Oktober bis 31. März
NSG-7300-192,"§ 4 ist nicht anzuwenden auf Handlungen oder Maßnahmen, die er-",date_span,,vom 1. Oktober bis 31. März
NSG-7300-192,"§ 4 ist nicht anzuwenden auf Handlungen oder Maßnahmen, die er-",distance_m,300,300 m
NSG-7300-192,"§ 4 ist nicht anzuwenden auf Handlungen oder Maßnahmen, die er-",date_span,,vom 15. März bis 15. Juli
NSG-7300-192,"§ 4 ist nicht anzuwenden auf Handlungen oder Maßnahmen, die er-",date_span,,vom 1. Oktober bis 31. März
NSG-7300-192,§ 4 ist ferner nicht anzuwenden auf,date_span,,vom 15. März bis 15. Juli
NSG-7300-192,§ 4 ist ferner nicht anzuwenden auf,date_span,,vom 15.07. bis 01.10.
NSG-7300-193,"§ 4 ist nicht anzuwenden auf Handlungen oder Maßnahmen, die er-",count_limit,2,nicht mehr als 2
NSG-7300-194,"§ 4 ist nicht anzuwenden auf Handlungen oder Maßnahmen, die er-",count_limit,2,nicht mehr als 2
NSG-7300-196,"§ 4 ist nicht anzuwenden auf Handlungen oder Maßnahmen, die",count_limit,2,nicht mehr als 2
NSG-7300-197,"§ 4 ist nicht anzuwenden auf Handlungen oder Maßnahmen, die er-",count_limit,2,nicht mehr als 2
NSG-7300-197,"§ 4 ist nicht anzuwenden auf Handlungen oder Maßnahmen, die er-",date_span,,vom 15. März bis 15. Juli
NSG-7300-198,"§ 4 ist nicht anzuwenden auf Handlungen oder Maßnahmen, die er-",count_limit,2,nicht mehr als 2
NSG-7300-199,§ 2,distance_m,18,18 Meter
NSG-7300-199,§ 2,distance_m,35,35 Meter
NSG-7300-199,§ 5,count_limit,2,nicht mehr als 2
NSG-7300-200,"§ 4 ist nicht anzuwenden auf Handlungen oder Maßnahmen, die er-",count_limit,2,nicht mehr als 2
NSG-7300-202,§ 7,distance_m,10,10 Meter
NSG-7300-202,§ 7,distance_m,18,18 m
NSG-7300-202,§ 7,distance_m,180,180 m
NSG-7300-202,§ 7,distance_m,135,135 m
NSG-7300-202,§ 7,distance_m,200,200  m
NSG-7300-202,§ 7,distance_m,75,75 m
NSG-7300-202,§ 7,distance_m,75,75 m
NSG-7300-202,§ 7,distance_m,80,80  m
NSG-7300-203,"§ 4 ist nicht anzuwenden auf Handlungen oder Maßnahmen, die erforderlich sind",date_span,,vom 1. Oktober bis 28. Februar
NSG-7300-205,§ 2,distance_m,160,160 m
NSG-7300-206,§ 7,distance_m,10,10 Meter
NSG-7300-206,§ 7,distance_m,10,10m
NSG-7300-208,"§ 4  ist  nicht  anzuwenden  auf  Handlungen  oder  Maßnahmen,  die",count_limit,2,nicht mehr als 2
NSG-7300-209,"§ 4 ist nicht anzuwenden auf Handlungen oder Maßnahmen, die er-",count_limit,2,nicht mehr als 2
NSG-7300-210,"§ 4 ist nicht anzuwenden auf Handlungen oder Maßnahmen, die er-",count_limit,2,nicht mehr als 2
NSG-7300-211,"§ 4 ist nicht anzuwenden auf Handlungen oder Maßnahmen, die",count_limit,2,nicht mehr als 2
NSG-7300-212,"§ 4 ist nicht anzuwenden auf Handlungen oder Maßnahmen, die er-",count_limit,2,nicht mehr als 2
NSG-7300-213,"§ 4 ist nicht anzuwenden auf Handlungen oder Maßnahmen, die er-",count_limit,2,nicht mehr als 2
NSG-7300-215,§ 5,distance_m,100,100 m
NSG-7300-217,§ 2,distance_m,145,145 Meter
NSG-7300-217,§ 2,distance_m,710,710 Meter
NSG-7300-217,"§ 4 ist nicht anzuwenden auf Handlungen oder Maßnahmen, die er-",count_limit,2,nicht mehr als 2
NSG-7300-218,"§ 4 ist nicht anzuwenden auf Handlungen oder Maßnahmen, die",count_limit,2,nicht mehr als 2
NSG-7300-219,§ 5 Ausnahmen von den Verboten,count_limit,2,nicht mehr als 2
NSG-7300-220,"§ 4 ist nicht anzuwenden auf Handlungen oder Maßnahmen, die",count_limit,2,nicht mehr als 2
NSG-7300-223,§ 2 Größe und Grenzverlauf,distance_m,40,40 Meter
NSG-7300-223,§ 2 Größe und Grenzverlauf,distance_m,40,40 Meter
NSG-7300-223,§ 2 Größe und Grenzverlauf,distance_m,40,40 Meter
NSG-7300-223,§ 2 Größe und Grenzverlauf,distance_m,15,15 Meter
NSG-7300-226,§ 2,distance_m,80,80 m
NSG-7300-226,§ 2,distance_m,80,80 m
